{"cameraMode":{"drawMode":0,"name":"Shaded","section":"Shading Mode"},"sceneLighting":true,"audioPlay":false,"sceneViewState":{"showFog":true,"showMaterialUpdate":false,"showSkybox":true,"showFlares":true,"showImageEffects":true,"showParticleSystems":true},"in2DMode":false,"pivot":{"x":6.424107551574707,"y":-0.521448016166687,"z":-10.530319213867188},"rotation":{"x":-0.19636979699134828,"y":0.7017194628715515,"z":-0.2115510106086731,"w":-0.6513628959655762},"size":6.817318439483643,"orthographic":false}